{"cameraMode":{"drawMode":0,"name":"Shaded","section":"Shading Mode"},"sceneLighting":true,"audioPlay":false,"sceneViewState":{"showFog":true,"showMaterialUpdate":false,"showSkybox":true,"showFlares":true,"showImageEffects":true,"showParticleSystems":true},"in2DMode":false,"pivot":{"x":5.162750720977783,"y":-0.96433424949646,"z":5.686225891113281},"rotation":{"x":-0.3734503388404846,"y":0.020028581842780114,"z":-0.00808100588619709,"w":-0.927420973777771},"size":3.8492839336395265,"orthographic":false}