{"cameraMode":{"drawMode":0,"name":"Shaded","section":"Shading Mode"},"sceneLighting":true,"audioPlay":false,"sceneViewState":{"showFog":true,"showMaterialUpdate":false,"showSkybox":true,"showFlares":true,"showImageEffects":true,"showParticleSystems":true},"in2DMode":false,"pivot":{"x":3.4707140922546388,"y":0.9009056091308594,"z":3.950645685195923},"rotation":{"x":-0.46470245718955996,"y":-0.06709326803684235,"z":0.03533913940191269,"w":-0.8822240829467773},"size":3.57951021194458,"orthographic":false}