{"cameraMode":{"drawMode":0,"name":"Shaded","section":"Shading Mode"},"sceneLighting":true,"audioPlay":false,"sceneViewState":{"showFog":true,"showMaterialUpdate":false,"showSkybox":true,"showFlares":true,"showImageEffects":true,"showParticleSystems":true},"in2DMode":false,"pivot":{"x":-3.0443062782287599,"y":0.8039360046386719,"z":-1.1715002059936524},"rotation":{"x":-0.0605587512254715,"y":0.9228580594062805,"z":-0.16251246631145478,"w":-0.34389299154281618},"size":6.23197078704834,"orthographic":false}