{"cameraMode":{"drawMode":0,"name":"Shaded","section":"Shading Mode"},"sceneLighting":true,"audioPlay":false,"sceneViewState":{"showFog":true,"showMaterialUpdate":false,"showSkybox":true,"showFlares":true,"showImageEffects":true,"showParticleSystems":true},"in2DMode":false,"pivot":{"x":2.867551326751709,"y":2.339078903198242,"z":5.205786228179932},"rotation":{"x":0.3313490152359009,"y":-0.019815878942608835,"z":0.006960649974644184,"w":0.9432764053344727},"size":3.70697283744812,"orthographic":false}